incomeR	health	program
0	4.5030871985592436	1
0	4.047109059137513	1
0	4.730750020164477	1
0	6.010338013914424	1
0	4.196180791263766	1
0	8.684534927476907	1
0	6.659135250940521	1
0	3.9369207668175528	1
0	5.584738927557366	1
0	6.494523721438904	1
0	7.182844627067366	1
0	9.08001554544632	1
0	6.592662933591591	1
0	3.7983546391744443	1
0	7.87300599386651	1
0	5.920350561560969	1
0	4.7831597171216	1
0	9.273170651829147	1
0	4.930912547075293	1
0	9.34113286487771	1
0	6.689443896949852	1
0	8.898095958057032	1
0	8.461251170382274	1
0	6.598769294957041	1
0	11.002802204448699	1
0	8.148845852626781	1
0	5.670148999114229	1
0	6.5750146265268326	1
0	6.620222343663432	1
0	9.664365295712678	1
0	9.589910958916066	1
0	10.057797045732713	1
0	10.862814193923805	1
0	7.6316154991390315	1
0	7.173259111817356	1
0	9.100467335985698	1
0	8.278436354311289	1
0	8.326033704563468	1
0	6.718279172280284	1
0	9.621456745026933	1
0	8.193549733979204	1
0	9.106606567419103	1
0	6.770295345643075	1
0	6.99586663667545	1
0	5.1932396071586355	1
0	8.723033167627786	1
0	4.463538388967361	1
0	4.292764206667104	1
0	9.542849800445058	1
0	1.5744947497407127	1
0	8.208880136578209	1
0	4.5998053563213634	1
0	9.116772278748432	1
0	7.603124626368851	1
0	7.155624131234085	1
0	8.124618148141174	1
0	7.493097796778109	1
0	5.930996008490849	1
0	4.65988291165525	1
0	7.277715546799239	1
0	5.983846852668336	1
0	8.23373848558786	1
0	4.791557414204707	1
0	3.7566569191382597	1
0	7.898070954199293	1
0	9.676935715066332	1
0	7.5392709506053155	1
0	6.41208088923792	1
0	6.960567884212817	1
0	9.364731477150649	1
0	5.874849626156902	1
0	7.117342144218051	1
0	6.907174735576894	1
0	7.175543969032403	1
0	9.170642123568403	1
0	7.880782437775032	1
0	7.290024426953175	1
0	3.8381272943306546	1
0	6.89975071224817	1
0	8.183555185507734	1
0	7.622456935540693	1
0	5.103742014311123	1
0	5.700665390554997	1
0	5.590915902362681	1
0	5.015207601336746	1
0	8.858899580581333	1
0	8.830784008509525	1
0	8.656334717876334	1
0	5.803904627143763	1
0	6.673826499723999	1
0	7.889151897725828	1
0	8.820267274965465	1
0	6.942081976439689	1
0	6.3472594004422245	1
0	2.371951729245879	1
0	6.594574513571752	1
0	5.431624742662177	1
0	7.897741705982471	1
0	6.079197143575533	1
0	8.228381472647783	1
0	6.535512994035708	1
0	5.379324556615517	1
0	2.722834925872462	1
0	5.253199373060193	1
0	7.81827331992747	1
0	6.070824511347624	1
0	7.725569369882318	1
0	1.9666891757320615	1
0	7.2759174066639005	1
0	6.540074289108753	1
0	6.398678277850247	1
0	9.149261563147583	1
0	7.668852603591917	1
0	7.367515339304224	1
0	11.029602629331006	1
0	6.579364915944985	1
0	8.405157038948573	1
0	6.30774556736909	1
0	5.926986746817947	1
0	8.69641560858651	1
0	6.703778118769238	1
0	5.544454730539667	1
0	6.346221387132769	1
0	6.6340764928719835	1
0	7.96661374263089	1
0	7.028264321623737	1
0	7.247012974133633	1
0	10.674902691884352	1
0	3.471882477862548	1
0	6.277911106584658	1
0	6.791274140422171	1
0	4.249289099913908	1
0	12.193926135321647	1
0	5.948867865328979	1
0	9.057512902302946	1
0	5.9300283577442165	1
0	5.460874801807717	1
0	4.996849816829391	1
0	4.890112753958265	1
0	1.6668589181834506	1
0	8.57130863975863	1
0	6.145052630995058	1
0	7.363344499112168	1
0	6.406345510824902	1
0	7.4146205189275545	1
0	5.178920404017372	1
0	6.553546993545174	1
0	7.959543891794667	1
0	7.892738588793492	1
0	6.891229873594583	1
0	3.7328134808807745	1
0	8.219732425290918	1
0	8.277799435668442	1
0	10.406073402541008	1
0	3.6380855555669767	1
0	7.611687674601994	1
0	6.75707191089431	1
0	9.484623211243031	1
0	7.360235509356635	1
0	4.530334525635957	1
0	5.6087075572615674	1
0	8.118035115244382	1
0	5.252535889860349	1
0	2.4702380508643165	1
0	10.722496845734678	1
0	7.687311239166504	1
0	8.57286623612391	1
0	5.45663431764571	1
0	6.347784944827314	1
0	2.7772345866151547	1
0	10.323800943575929	1
0	8.496879047691243	1
0	5.075314664993423	1
0	7.49076213392841	1
0	8.152060347839614	1
0	5.0174153481321	1
0	5.0703337180267125	1
0	8.2218938002279085	1
0	7.88750943062373	1
0	8.613274344944172	1
0	6.498855322387071	1
0	6.049461352174522	1
0	8.986758378155407	1
0	7.967380651185858	1
0	8.086991216931331	1
0	2.5954636440548438	1
0	3.3432134890612915	1
0	6.062045812099088	1
0	6.623363014691509	1
0	8.807948282416804	1
0	7.404416371149608	1
0	5.669912705858536	1
0	4.960461623295589	1
0	11.726839953262829	1
0	8.810876969871915	1
0	7.935192155589072	1
0	8.994842657626323	1
0	6.722519520777273	1
0	4.846519824074025	1
0	5.57361478135449	1
0	4.874586147972563	1
0	12.185436920274064	1
0	4.674927326284578	1
0	5.541690756653099	1
0	7.9019099196131215	1
0	6.417858329682291	1
0	3.612615244062407	1
0	7.489340502793863	1
0	4.943862834888844	1
0	4.398860282778285	1
0	4.771485986106143	1
0	9.467858960291622	1
0	6.687612866263716	1
0	8.048262391494536	1
0	5.88266421538955	1
0	6.846863549690362	1
0	6.6193391885479045	1
0	10.764109091728626	1
0	13.016739533562296	1
0	8.2342897173131	1
0	4.7338790108315045	1
0	6.163821310536033	1
0	6.973251449258889	1
0	7.625302284736367	1
0	5.131227378223894	1
0	7.922298829622125	1
0	8.126982463849597	1
0	6.362078631203161	1
0	7.830226488447783	1
0	3.297646347221923	1
0	7.168777150599824	1
0	8.403216048148234	1
0	6.04315426119456	1
0	5.705761878104725	1
0	6.501383209882504	1
0	10.580909914127291	1
0	6.281512720178428	1
0	6.770728737047001	1
0	4.346149431465006	1
0	8.969292419746239	1
0	6.036911177749423	1
0	10.076247718361962	1
0	4.6694171593377485	1
0	7.9719348928644855	1
0	3.7776976831702087	1
0	9.816495298513052	1
0	7.597597632588779	1
0	9.100538868490297	1
0	8.253953734231347	1
0	10.704663399996505	1
0	10.889699885342688	1
0	4.60651366147828	1
0	8.318341684875396	1
0	5.44628204752188	1
0	6.577705434389238	1
0	4.365618055370741	1
0	7.093710647736627	1
0	4.223538937602573	1
0	5.61203161522952	1
0	6.982302374757348	1
0	5.5384204926863205	1
0	7.012413219751102	1
0	8.993297521929662	1
0	6.050567667813291	1
0	7.777892851801479	1
0	6.417872400684695	1
0	7.504876814852361	1
0	7.506863541657724	1
0	8.350557168605375	1
0	7.56834740844214	1
0	3.7576502194408157	1
0	4.345602753775514	1
0	9.39033436286374	1
0	5.50930785916741	1
0	7.539205881303199	1
0	6.790206661643064	1
0	7.282101255791305	1
0	10.885362612415548	1
0	4.236158432809875	1
0	9.629401706188332	1
0	7.796153449038286	1
0	7.3410057631362235	1
0	5.578147433402751	1
0	8.875476460534026	1
0	7.85667895288468	1
0	7.370346424043822	1
0	4.94584006474343	1
0	8.83895398885207	1
0	6.326648654267797	1
0	6.248489496440716	1
0	9.311664275168695	1
0	8.320691022131085	1
0	5.847249898652089	1
0	8.098423453702122	1
0	5.27896759554993	1
0	8.530789915260902	1
0	5.388616967135368	1
0	3.375306030655166	1
0	10.407082258627163	1
0	6.228614461722127	1
0	8.328331743322295	1
0	4.737301068741646	1
0	6.719421259023644	1
0	8.32248215700057	1
0	9.008508921090566	1
0	8.341610584438207	1
0	8.166608595810107	1
0	6.53587955426787	1
0	7.762466139700421	1
0	8.500710546832575	1
0	4.323090127648392	1
0	6.611215945802098	1
0	5.596325712162426	1
0	4.268522718867124	1
0	9.372133908096934	1
0	9.26473863305931	1
0	6.428256409277306	1
0	5.629455888605303	1
0	9.134110636715798	1
0	7.088615711167992	1
0	5.489811356342957	1
0	6.0921659260851015	1
0	2.778960477860818	1
0	6.308540269399915	1
0	11.517728443484959	1
0	6.359280618085372	1
0	5.28694535352337	1
0	8.723343042345949	1
0	7.765331301663414	1
0	7.851798120309264	1
0	5.848625713305198	1
0	6.352393110880336	1
0	8.012389708401898	1
0	4.844970909823408	1
0	8.345596671180436	1
0	7.92746799172787	1
0	5.09292828788384	1
0	7.54939614751386	1
0	5.29996909663263	1
0	7.127554645740143	1
0	7.462541257245384	1
0	5.747195157365573	1
0	4.920193319765065	1
0	5.7064932026573345	1
0	6.155425084614564	1
0	6.49651940253096	1
0	5.892896111205251	1
0	5.619589187505453	1
0	8.504827638670195	1
0	4.5378574474068	1
0	8.691399650145502	1
0	8.202821211166457	1
0	5.700359976512617	1
0	9.270317942639684	1
0	6.679589738769093	1
0	6.48730469071867	1
0	6.199234250069084	1
0	7.239302678722853	1
0	5.842256422239172	1
0	3.1115725659081046	1
0	4.973924115657642	1
0	7.310779378785985	1
0	10.121049516001145	1
0	8.463136019652724	1
0	8.873507210147597	1
0	7.931244260072823	1
0	8.69248808219454	1
0	9.880797197004199	1
0	4.925094749084648	1
0	3.7386968465891433	1
0	6.888365773715116	1
0	5.029723675271707	1
0	3.5746201181534345	1
0	7.718854176847527	1
0	4.371246087233976	1
0	13.23980673254432	1
0	7.115510618533119	1
0	8.46440202049974	1
0	8.518672094918058	1
0	5.029776456456945	1
0	6.882481426689555	1
0	4.84077560428736	1
0	7.7985005995696515	1
0	8.590807772088102	1
0	6.733745625511423	1
0	2.156505050870117	1
0	8.76855533068026	1
0	5.869818033757954	1
0	10.058178064288017	1
0	7.634393872031926	1
0	6.008190577444237	1
0	5.341427314992969	1
0	7.37892995716509	1
0	4.622272531420794	1
0	8.27480442275469	1
0	8.111159198783172	1
0	7.3845142020785985	1
0	9.053652281627766	1
0	5.033044337991285	1
0	5.1346096173967615	1
0	5.074253525668375	1
0	5.3725757839009205	1
0	6.6109752127069275	1
0	10.832025179439913	1
0	8.403538430753787	1
0	8.941098877432328	1
0	6.743207040482647	1
0	4.210589748503688	1
0	8.417106829957792	1
0	6.588776069459871	1
0	7.544811557278874	1
0	8.930979852107521	1
0	8.376046443400469	1
0	2.869456184774836	1
0	2.6850111882096783	1
0	10.40745649820253	1
0	4.760042310217909	1
0	5.016230606715654	1
0	4.764052312123777	1
0	5.801059591369945	1
0	5.697231102602608	1
0	5.650781025546537	1
0	5.04915927838322	1
0	9.892074945073269	1
0	8.911375208934938	1
0	8.324842373256303	1
0	5.862676950200136	1
0	6.050988556110862	1
0	6.069250093417648	1
0	6.9293012029758865	1
0	6.0138657928004	1
0	9.793382321710974	1
0	4.949108898039411	1
0	7.3781453949023375	1
0	8.437351520016124	1
0	7.015532259702558	1
0	11.982905203189826	1
0	6.659437929205797	1
0	4.126793706768442	1
0	5.38778810358366	1
0	8.983947488066486	1
0	9.686706863030166	1
0	6.191182468486268	1
0	3.9425800952845074	1
0	9.777713678595571	1
0	7.107451763784288	1
0	6.87522795688449	1
0	4.971287208336318	1
0	6.96587399651822	1
0	7.880015226655125	1
0	9.242010450034828	1
0	7.454603964663495	1
0	7.604685931508559	1
0	9.632544684363646	1
0	5.667082424886311	1
0	5.6137343209836335	1
0	5.930507334906154	1
0	7.259625181793698	1
0	7.423758501063665	1
0	7.238906422242073	1
0	10.044881330290695	1
0	7.012086470873437	1
0	7.875083473039279	1
0	7.654449496971632	1
0	6.931817979403904	1
0	8.359260930116493	1
0	7.02059478748803	1
0	10.507698708307004	1
0	5.648542726224792	1
0	8.201015007626994	1
0	9.113161403532432	1
0	5.821334486838541	1
0	5.959490942608757	1
0	8.410125776974672	1
0	6.800720526869879	1
0	5.462939203290848	1
0	9.580279239874045	1
0	4.287799155995582	1
0	6.310903057218899	1
0	7.47779629514133	1
0	2.866212919438273	1
0	8.464020191280817	1
0	8.310438774641682	1
0	8.018576174665489	1
0	5.332993797031403	1
0	9.242933969609673	1
0	8.134462017040136	1
0	8.214078281141413	1
0	10.18778154920578	1
0	6.6527049752748395	1
0	10.460143795163976	1
0	6.415456887833569	1
0	8.841450854817362	1
0	7.938766384503819	1
0	6.822491780867412	1
0	6.0885103370130444	1
0	6.509806274697271	1
0	5.009081734504873	1
0	7.5201250583496515	1
0	7.868608702420934	1
11.512002828993513	13.938944359256324	1
23.789316011796164	10.249043657254553	0
32.31287149116984	13.436798425775255	0
5.081878847930592	6.3879104008204735	1
25.292095135608836	10.67399441310965	0
26.07180677383707	10.734406854383122	0
16.202718388536802	10.468938303198946	1
16.42979331254354	15.455563802574567	1
16.2856476676222	13.107664316103502	1
13.763819309923786	12.047593895410468	1
16.997540034965443	9.63891820666839	1
12.971620200570321	14.007540953485412	1
14.621034278271138	14.6676287055772	1
19.676712712505832	10.758716009018231	1
30.907974191731302	13.686192634742332	0
20.157536341877886	11.402361988459866	0
16.719843261603636	6.95340973751182	1
13.607279254292909	12.147390583105697	1
14.158876963770073	8.854035251371544	1
49.22194325172856	17.98304834549014	0
22.41159127618222	12.435748304316268	0
16.886462399654718	12.052829023031753	1
17.30104200218526	12.629265571076935	1
25.59944531153792	13.743280163060847	0
15.259021509186214	11.536573022009307	1
9.933812286911941	7.736047586391594	1
26.77809677099481	10.68761085591304	0
12.790238387889014	8.44690150899969	1
21.02095680478744	10.581694199755749	0
13.42527265327985	10.758930122915153	1
32.51619730540153	12.511951750682588	0
17.010732451072823	12.947805138638932	1
15.136456821710686	10.441187335889625	1
16.799685485839415	7.488613448122704	1
8.826285615470805	12.99066192281066	1
11.781237529946853	12.632261469987787	1
5.856208100660458	12.096100893983145	1
10.62112537393836	11.61279915188122	1
18.53910537467987	8.077556922876665	1
17.090803146420246	11.163704170603658	1
36.59640506372296	15.44100269342806	0
12.470484213056478	10.988428297007633	1
14.02229402626383	11.966538264202345	1
18.657017651219032	12.767502481210368	1
13.000783485407547	6.542822149634634	1
13.187688259500307	10.179153228984482	1
12.198826207451178	9.4155670672532	1
11.209198509960869	10.00220276609169	1
16.615177203558154	8.209046791627049	1
16.83584027318228	10.830410726587656	1
7.8062613379676975	10.223959723257396	1
16.143713874961076	9.7010384016103	1
12.187851654434978	8.802555124388048	1
12.852497393385567	11.02461546792673	1
19.693096764714504	13.8413247261516	1
26.657145390053138	10.496496019333385	0
39.035223173613176	17.112020223654756	0
14.64322401804344	10.629799512804627	1
38.51331432154369	18.047430475421265	0
11.848681994325664	14.379245100474813	1
27.631722283356734	14.974534428203741	0
51.10807332920365	16.982804827174675	0
19.594195581041276	12.980515353312903	1
15.447780198120878	8.596001072021291	1
19.93186555453576	14.71206267349708	1
40.66720605875275	18.583745688708333	0
11.981236400080661	9.533099024242182	1
35.61496124346301	14.473409150048884	0
35.159738608085846	13.14991576471335	0
19.963599362876266	11.3652457829045	1
21.2234616248878	13.724164019906816	0
17.177139380357225	8.486597953925004	1
17.922319610929183	13.711901536658974	1
27.544511894633963	9.985400281893195	0
44.49251336352064	15.18394941208492	0
19.77226567825126	11.102401479669052	1
10.299600413502702	8.270905041644555	1
15.026618238752468	11.252195642846	1
23.602707349742293	11.224327042214975	0
18.343582624736943	13.497889063570454	1
19.55594165853476	13.64335454990736	1
19.62495247910385	15.346528496057346	1
10.418035115915144	11.953013017060279	1
19.59136001279141	11.376371729951469	1
29.70503165657191	16.905051293053326	0
28.064658061943362	9.55737382646091	0
26.522472716245357	14.10066821507172	0
17.617058869929807	10.747555445386828	1
19.43404548448417	8.951260397347234	1
11.597240362804552	11.921347093994223	1
20.673764727571605	12.197978193139491	0
23.57292820808593	11.754714426729988	0
39.7651820606073	15.084362267244014	0
31.376950716403336	12.703941636806004	0
16.846235273363742	10.60406958629768	1
24.5574787460943	11.547004149723207	0
12.008941411940304	7.860554629984534	1
30.01071497835323	13.508056934052858	0
31.057401140060254	12.376925759931035	0
45.173415144173504	17.15196194763658	0
25.145446276800588	10.552416406129403	0
17.01794767263993	9.489456955173623	1
21.77149528329236	13.173231604771505	0
16.789688323775888	6.5540687870570835	1
14.243086664349768	10.042254337325296	1
22.724186793279866	12.975509054764593	0
13.717655718805874	8.070165062238358	1
19.9146263981238	12.741449643819312	1
24.55171046766457	12.900117429169377	0
20.683347867989724	7.848918176349778	0
19.395791882621957	9.07815098727393	1
15.609849827676566	6.684226497338996	1
12.18172477901807	10.252907883732993	1
29.69458933572192	12.16274429810666	0
21.366235322471915	12.77513372931368	0
29.49728840496007	8.775328078671198	0
11.260804024635936	10.821641500467305	1
22.74361293519947	11.532042604252604	0
27.80628290072822	13.183288384778676	0
20.918947784632824	13.687901526082031	0
19.435823011469154	13.240633832023207	1
14.577836854514581	11.815020413231267	1
44.331121055298674	15.698491181886807	0
28.627865800222654	15.22589763579295	0
41.27045231234614	16.039812468764815	0
21.902958244178063	11.290982186914437	0
15.74971215233063	12.256098657071114	1
9.52779022992492	7.3814442867801695	1
15.712504549123956	12.642527200661403	1
23.293186482584435	10.491349907908942	0
31.513519317230116	13.003802682589743	0
19.504600166808814	12.571654966507854	1
11.751538369832835	9.47884122953061	1
27.759350675604992	7.75606757966882	0
8.701904494606115	8.525189086126886	1
17.928007184141574	10.584107636018794	1
18.351642172559878	11.327430991875985	1
7.03179902554674	10.026333739097954	1
30.47103505050442	12.693174940474321	0
15.817550350821303	7.333091278033708	1
18.1984433035649	10.889929053854331	1
35.94179825330238	9.91487046270786	0
27.422758887230128	11.847980258585574	0
19.108395306626335	7.293392277979827	1
26.150569753797086	13.28492140282069	0
24.992718603004228	12.986638639509135	0
39.223370881120594	14.5193459841024	0
23.774336483128423	12.836776324688831	0
26.07402010252031	9.418127587622351	0
24.47827054556201	14.020238607682144	0
17.831721885722466	11.512913186474595	1
19.633084589382634	13.347020804920932	1
38.921934747035024	17.091296289809026	0
13.871211418313376	10.200738728248812	1
22.29501748476669	16.172099406215803	0
35.54700201698782	12.237660070824253	0
19.056533054739862	12.949087823090894	1
12.578493506993668	12.56504057227415	1
13.914514348782618	7.9808613003236815	1
17.723030426508323	8.52458501167587	1
14.082381473640627	8.638366578338976	1
18.830050485399468	8.864670927157542	1
17.519082394659083	11.86483729879614	1
19.509440255526933	13.223586312385772	1
25.07061076732307	9.945748727458971	0
27.296791324307346	11.987251948363749	0
39.41586736028683	12.991722764976746	0
20.532737205242192	9.055743603201497	0
18.311211053099267	10.066001777110044	1
36.85711041644048	13.053013974615261	0
39.74456915630697	14.401840081973878	0
21.559715192313543	9.874205846396615	0
18.210213555944723	13.976018327628994	1
7.715976075440867	6.343585453450894	1
36.13527562658689	13.78276700510044	0
14.155785940366997	10.37443975912964	1
12.084225109630257	11.529995994406073	1
58.42715692143408	16.804775905964746	0
23.377431051238027	9.682297562536931	0
20.855126922104255	11.8787360269428	0
3.4886039104274422	7.255510558768521	1
20.25188474787613	13.356497160643361	0
31.09212990886167	10.763055641500468	0
25.138881501326757	12.400009928790404	0
30.38569561337799	11.870928002170237	0
43.34552969032844	19.124681126892092	0
33.282613046464505	11.147043226161784	0
16.738432809033565	13.056317719851172	1
28.134327365626422	14.745892382298052	0
19.373939298554312	9.94338069760363	1
16.499268916110438	9.203327213498792	1
3.0423778695403096	8.947594053092532	1
14.51879111046346	10.878715033559043	1
25.885857761785772	10.992969768123757	0
45.80626445599243	17.394627152404425	0
26.01708554815301	13.745412445686812	0
27.250594570472394	12.68365907570084	0
13.206659478117453	10.596689937465795	1
19.829305890016258	11.930974045195615	1
6.359285895146216	10.197556904585284	1
25.859531816636864	15.387553033896106	0
28.055759493580034	14.420886620485694	0
19.861577875213698	11.752701038075632	1
28.097775802816336	15.319596164064976	0
24.12461052731191	11.93430532535187	0
28.734556734073813	13.288018632092385	0
41.50533757500875	13.109229383615089	0
32.63108923023767	14.748856245638631	0
21.461575343132935	11.02484438104211	0
12.149066019002165	5.09409161769957	1
25.180904308800116	13.21768368082225	0
17.638024061654033	13.927847734931394	1
37.13065819164681	14.17647281289098	0
8.957564500610857	10.666389875911282	1
17.507933096265116	10.451154866031176	1
25.22056810066587	8.594702903830651	0
19.78704784039784	10.059505466136562	1
15.950828914105234	11.342669800236562	1
18.449421095378447	9.34649797869131	1
27.348047819994882	13.540145519308957	0
30.19691509280538	13.768882807080427	0
27.66983693196295	14.549020943070683	0
47.24477570586307	13.568379756579727	0
33.33327422119211	16.071216709723362	0
19.990470201941207	12.083345712623593	1
15.525411713544962	7.080539713637124	1
56.53746830536812	17.368073614307768	0
27.851114364266724	13.800432642723914	0
15.332547167347157	13.462116392788339	1
19.333101626019925	11.991546848895114	1
18.28081264894903	12.815594623037825	1
18.70818359983363	12.73605023017006	1
13.443197753465656	10.33618195062508	1
19.46172939497046	16.99069272184682	1
19.272788872011006	12.88340824051114	1
12.407709496934144	9.335008194145315	1
1.8682730917325714	6.024588426243715	1
18.880114284144053	11.755515062558006	1
21.432435341264494	10.891061057963016	0
26.980480040412267	10.601069495706101	0
21.70754051536046	9.669206845348121	0
25.134168477750624	14.260059852959845	0
12.2655997412132	11.053660162297412	1
28.208582613441724	11.3384360967496	0
28.290577320569415	13.027969019638457	0
23.538518095609927	11.241810936033069	0
35.48911870762744	13.449681815296959	0
25.04470468002163	11.549496787888422	0
19.92657627654262	12.083646384950047	1
23.69785145267061	12.790467363454223	0
25.370669637915295	9.355573062871551	0
32.037002625469526	13.96731624304166	0
25.524627802776976	14.382291574522018	0
27.701259668170227	12.357930249733716	0
11.996708157494078	10.02087575572521	1
17.888691252923945	9.176502438001663	1
36.92955939526246	16.94948690700623	0
11.39802588579508	10.827994008622362	1
23.60082845661739	9.961692649253507	0
25.05005308239737	13.57397863207545	0
31.089582683501295	12.111232530414016	0
18.072049001131575	14.063551451482502	1
22.64451607337341	14.31818015076482	0
8.047121817504436	11.27603736692393	1
19.650974835967645	15.37263974251418	1
15.471910666686043	13.020599594813286	1
19.02140326748865	11.79251701907502	1
11.643345767604428	6.2729089496280235	1
19.504535502754152	11.744268789838214	1
27.736859794711368	14.73318164340356	0
18.450341838639407	9.938631313172367	1
41.280767173631304	13.811412338378515	0
27.778796078677797	15.747210809061738	0
30.787323432988103	11.766277027509032	0
44.21456027863011	17.00302735456352	0
15.593703727149007	14.363383810992033	1
29.253162438604363	13.709611956750543	0
31.209882956212937	15.322952478475562	0
21.10326675468995	11.352046149065687	0
24.1970761000755	12.316133931925666	0
12.875022057643157	15.404310038350282	1
25.706598962017818	9.302473999856687	0
15.202432354836509	11.48732421468162	1
29.307962136013018	10.229011602335925	0
14.35325670447762	13.629592064753052	1
19.60607804171741	12.969119147440285	1
14.088592193213836	9.815724306547132	1
18.95937829223112	13.179195145160797	1
9.285068206201185	13.438454113325232	1
22.3580884037305	7.825487797217114	0
31.19717785624653	7.64057664052927	0
22.879456866928415	11.320992268959262	0
8.030256870814958	4.336336325592154	1
15.836152059769164	12.58729204530135	1
39.138074480780354	14.457718599900879	0
41.085605081060066	12.537715332807343	0
11.730373140468759	9.1961100738056345	1
17.92080129882051	13.548410397388363	1
24.538405088260056	10.981547702895467	0
19.88553642295301	13.827670238712827	1
16.160745810133953	13.52781757167989	1
13.298576225674037	10.556852464347786	1
19.541451617913587	16.344461920697228	1
31.469948208456593	14.107675622597014	0
21.377923074209605	9.939443692255837	0
15.610178009644361	14.196100880786286	1
16.774150513023358	11.94111060986519	1
38.61866165882522	11.596900263215538	0
17.247742809325594	10.290127084933488	1
28.763664970945904	15.141405594574659	0
36.8657678041778	12.943345026454562	0
25.438555660688184	15.613404169186916	0
17.458008131049755	11.899453532977528	1
20.793585169003247	9.958349091437139	0
16.873363859421886	12.001600672418014	1
33.96228679942004	16.51547481990007	0
19.8064734686289	10.348412471737586	1
37.822295623260395	15.882522504669438	0
16.30857331438934	12.260520907672888	1
15.625282030248266	11.153494473527665	1
22.497302678218357	10.54408002126869	0
21.383120652209307	9.825028844283597	0
16.773517314507966	11.086336793079596	1
9.111965219098733	8.132578299946488	1
19.7287818712648	12.786891439214257	1
15.080976534200609	11.489850510748829	1
32.2920672712972	18.096510534922277	0
13.30290339061139	9.445143024146727	1
32.79260444564016	12.999917507479536	0
15.610061078520719	10.597290918223878	1
23.936263468105114	11.537770732558542	0
30.23573165135408	14.033809101101902	0
16.656663950244745	15.663704385248348	1
26.568236789901707	12.746973058062231	0
20.35838159192867	10.410413192384869	0
12.004749444544805	9.927040923984599	1
18.748210575078755	14.499803901814252	1
38.68578612068605	14.162744173662183	0
19.235845361539607	9.2165702896392	1
14.305169497758007	10.07828144555482	1
19.28900823951699	9.78899584042091	1
19.825112488353625	12.458052986035275	1
30.861631574218382	14.443636535244513	0
32.993075077689355	10.308577301586896	0
19.352500399574637	11.462420067092076	1
33.23032776284588	13.687063932379619	0
14.712901748057796	11.057699152817461	1
5.087219781621725	10.966958783370119	1
17.042997739047546	13.651389930036562	1
16.680236382586916	9.929715655669446	1
5.21649086124323	7.953744713444575	1
26.65111464150809	9.106821673892076	0
14.563572186490667	7.976747246471465	1
19.13140373139052	9.76348982172807	1
9.077548407003198	9.724412782598533	1
26.49700540882004	10.788245037631095	0
42.136028190845735	17.154705051080573	0
13.852709997438199	11.155699443120321	1
20.137127526843543	13.624699653278329	0
42.88564280738723	17.596976822944967	0
30.62312319860898	13.421998289216573	0
42.41994303055669	14.70982604552187	0
21.111874062388583	8.115840151472433	0
19.782390672418575	13.003611819716657	1
16.731113179951247	10.923286481632578	1
36.41607978208201	14.953582028070826	0
10.983666233768759	9.314355102703539	1
24.08173280724397	14.86661118503108	0
19.69637350132689	13.566516119199708	1
46.94773605396593	17.325645954257375	0
15.935794711917712	9.273495580495817	1
9.552499617022756	8.830004351947792	1
23.354329819663583	10.183470106991114	0
20.796804015428496	12.615172198788587	0
14.14418025786667	9.957564359414832	1
22.394578943875057	12.776846040191876	0
18.70108621635273	7.822345275667384	1
15.37613379343013	11.19753148911628	1
26.018527202895342	10.075220443330105	0
18.218706618743226	11.833472036932726	1
7.645334213617961	10.327064836805416	1
3.795712163292438	6.827435945772489	1
16.15571967536564	11.028555799886838	1
36.65317866742908	11.824163688837881	0
29.573251153235173	11.609782019469659	0
33.81484814345942	10.07712878980968	0
31.164367018141267	13.018644701451512	0
19.350315240211785	12.371539460121822	1
9.56626158886907	11.364866814429757	1
23.09350097932533	12.519760478746111	0
38.40563600374638	14.609801902055038	0
1.4494630127815735	8.4211286337378	1
14.582070376604925	9.085057229017622	1
32.51810297902577	13.92932308983166	0
26.304025474484888	9.108324492769324	0
29.045572036637225	9.551345962872386	0
25.574255412129816	14.052608753172574	0
26.40760579058456	12.507931815570599	0
19.078530121827498	15.146536921173764	1
13.56825228739334	10.051341247359662	1
11.378376431872821	7.0909734176330455	1
21.493913416672093	9.430775865870944	0
17.4607555113086	14.452355653598303	1
13.694703781351105	6.7853912246267445	1
25.17471737442128	10.410126959927613	0
19.779015716165304	15.213140907772038	1
36.76340128612789	14.052435071837658	0
12.099944876112438	6.448227288571662	1
16.664454134847574	10.567919100752807	1
20.476103853336006	11.875189809428136	0
10.19020416415871	11.682167866991678	1
18.621763444720145	9.68152061461123	1
15.146331578089058	14.500738210572736	1
6.014074468741797	8.475753295813194	1
18.62926165611942	12.788434083677448	1
16.531769167754096	9.928347483057086	1
32.867405886275925	16.222266442523487	0
15.967465173351894	13.663899993600609	1
26.599925858670805	11.277359973238765	0
19.936081312596798	11.189830799438882	1
11.310709214490233	8.309633933534112	1
24.742108259189806	15.120321635614909	0
20.195261929700767	11.982567473405394	0
22.715346859246576	11.938556140756994	0
27.646930466383154	14.597277652376567	0
22.221446410865145	10.328931833116597	0
38.25619388439902	14.086307626327178	0
22.236444249676865	13.26499874495887	0
11.195722429115635	6.682396797836525	1
28.53551932033374	14.096944471212959	0
11.404793501970628	6.828146080761952	1
7.188328676699626	7.066442436429468	1
14.364582168446626	11.2865148174342	1
14.863513670246764	10.343688344527418	1
15.940008957329882	12.175694836804645	1
38.52386431093859	12.49195676112469	0
38.882700454492685	13.97090089423018	0
28.367246370330943	12.494767337462406	0
11.063374105860651	10.35363101602423	1
21.373484073015153	9.598122393783386	0
25.878802447648226	16.84564827932489	0
19.91812350657081	9.949366762996565	1
22.769554949339327	9.647377708029481	0
13.360531524552163	10.125864332446133	1
10.971859237182374	7.480283372073815	1
36.093249171710724	13.207156374631598	0
23.69131689414058	12.384351027078731	0
17.569530326367104	12.590722525666179	1
24.258296589742105	13.006755265203111	0
44.38865271717739	13.994012344845801	0
24.6280633128389	12.744547930972216	0
36.13698580236759	13.928683195367276	0
35.611585146421504	12.416886397490021	0
17.579771861266583	8.661370157710623	1
28.756853815492235	13.643743922865319	0
15.593014940025343	8.168554750800196	1
9.774028185251852	14.434554510191802	1
11.548675359322912	8.207783089519303	1
19.813889381818388	13.86191671029562	1
40.922407714795554	17.571546438209904	0
19.580275064567104	14.665304173812615	1
14.418439456621522	12.923494599509224	1
19.354038962861523	15.377105108752499	1
28.068541147954235	14.555111232114207	0
10.921691592533506	9.933641740355192	1
12.569292356798897	11.257860763618464	1
7.067050738951673	9.693591510087314	1
11.091826643673718	8.451567681852014	1
13.783110583434512	11.243700150303795	1
18.5595897956452	9.02824341486097	1
36.12123052558177	13.362888718854602	0
30.125184750009783	10.684583738009284	0
23.745878720360764	10.07846347240591	0
16.267981063579366	9.712358457895006	1
19.722578493179753	16.590037489925425	1
26.497911827973446	10.058879161753946	0
16.776943030517778	10.72743635017242	1
32.025074731264645	12.711918270170605	0
32.46097714169186	13.632315967757783	0
11.78889045838253	6.530483198654873	1
14.846292452342714	9.588762892835044	1
33.71821471726251	11.532984525208882	0
8.484288024301891	11.311186023221815	1
25.197487429020494	12.418137925787391	0
19.79162643617019	15.185653351820774	1
60.77607548675423	19.26730937806999	0
3.4980956259929306	10.90547239525487	1
14.131616206591072	9.260802637254514	1
27.815378397746894	10.320370761266375	0
39.36717314996517	13.957233809210173	0
29.590195570101095	13.40426317904281	0
10.059246780582624	7.520716086416149	1
46.77723052855274	17.022703486035656	0
8.081135320632695	7.676769870013922	1
12.159056803211728	10.790400252281708	1
19.676698096096516	11.360039007798523	1
46.58863665103719	18.278825689698888	0
26.07446909012544	10.564654939948994	0
28.413122065162028	12.49435021883933	0
40.04456604501009	13.690095787329103	0
31.18976729448753	13.85888395978154	0
11.392394405950208	11.472959375359105	1
28.193192510815603	13.873144634886327	0
20.16710507506056	9.681120469290361	0
40.73768354627348	16.894956359143777	0
18.979574259679623	12.664157901857413	1
9.442671252676922	9.516086653585173	1
25.926777266448884	10.65660701231046	0
24.54710652613897	13.450916492670123	0
20.998148289931308	8.129323270813	0
12.55603561968754	6.2348050147846745	1
14.145762889041137	9.63164322212878	1
21.044002817004973	8.383344105869538	0
31.788286018476953	14.037410691563446	0
17.939818457298347	14.731921665267812	1
13.902089038466567	9.416142548905162	1
3.5940461687254492	7.384135021221191	1
25.9513813970944	13.751899184545774	0
25.274150743362185	8.829717693261292	0
34.918536621203835	10.969349541960913	0
36.80512361872529	18.03952701710761	0
19.864349228193216	10.911038103033974	1
34.792464178296505	13.56319530590589	0
21.17208636292166	13.764475881579223	0
15.394557894181629	12.394453739043305	1
14.076028775621781	6.815859364608605	1
18.088510003403513	13.85957402521791	1
23.304557772848963	10.713281770206706	0
19.481431701686233	10.651141676667892	1
23.048427560132627	8.247824597404474	0
23.029850767441705	7.6535756267615	0
28.24496631568516	12.911795897726426	0
18.721355953145352	13.370153355375523	1
38.879557921135664	11.303381883611525	0
25.378359693874366	8.973165308948195	0
11.603998000131792	11.61842976020916	1
18.691356915530985	12.327838233618857	1
26.17225938675251	13.263139337943416	0
17.547257430842258	9.664335344614383	1
24.452976039308265	10.987452739446788	0
25.345141683553695	9.340360079545963	0
34.851048753738425	15.008983906805614	0
15.58910518132191	10.0017268199088	1
19.799964147852734	10.560759205879686	1
16.259504135096222	12.44913055332316	1
12.0608061042786	8.90640082317374	1
7.568164348774388	10.502329317736853	1
19.47842504736036	12.061581279496378	1
27.056280791964017	12.826228643164267	0
27.448778223293438	13.131500760908224	0
10.304146111945029	11.011345706842942	1
12.043135801199194	9.213462517894051	1
11.963614303889752	12.046915505618248	1
15.298490638034373	11.891681088264153	1
22.75478722430333	15.495717648549343	0
26.982658076051877	10.070460522760907	0
14.32597783507814	9.752546277605926	1
3.012491902000263	8.65539595690493	1
30.844955265974054	12.737057043035724	0
27.19919523859252	14.558770935444723	0
15.203209293827392	9.932737362852308	1
12.43506433464464	9.436884205726052	1
18.490075707599757	11.186334163758431	1
22.166267406704637	11.160940965583645	0
28.336466369460396	12.93675971616451	0
35.88123926001297	11.62589245435768	0
14.070875758961149	9.627114076178392	1
19.834732032148167	15.098984722766279	1
35.21444519896821	17.289922903341857	0
13.680069852463525	11.00142739024013	1
19.160200139159258	8.710369505802612	1
8.000593115475564	11.863192143342127	1
23.88689625091374	14.085484979599265	0
15.672162662691365	10.844176650380618	1
13.506083333432228	11.157898328590145	1
14.592572135931762	12.8723178908347	1
25.447014286204983	13.84432672787406	0
5.941557363228992	10.784048463416543	1
17.426359246678828	8.609768566626004	1
12.86142102790132	7.54578673073685	1
13.234177964229673	9.659048774956853	1
25.75191660036247	10.361909437702975	0
24.519870346546764	13.790984617314203	0
19.930968592409045	13.456889139078916	1
26.39408356186634	12.227826641118968	0
15.983165243012431	9.51423957327369	1
6.639395024542953	5.3163867611409925	1
33.11336427460072	12.473352416762834	0
19.09084368039929	8.806973849520352	1
17.934473141099502	10.059355917437495	1
22.633976848331457	10.94638931822581	0
28.793228621662255	12.835608665062068	0
25.26155019182877	13.110712645381252	0
30.550662801653683	15.667175146344256	0
21.58656665478904	11.805291677495845	0
16.77487609338959	6.99431668058732	1
18.486135290110038	10.013982961275346	1
29.4080177114527	14.58344161232699	0
14.067984563691306	10.16164640425985	1
13.296159334318096	9.335726294252652	1
24.14227309143108	13.808571123272348	0
27.169877980704786	12.310567902947296	0
8.461796789117244	11.057146169482401	1
28.99497930837925	12.270593607997457	0
21.269853453243183	12.485464616808555	0
19.525304830977177	11.127499895983195	1
32.5693285519935	14.616500553497396	0
36.959041997398394	15.26993036555185	0
11.9204506200082	9.752837022518117	1
31.490664841448673	16.066972042895202	0
15.744474873467281	10.892416001052954	1
22.395243658480457	12.19083990735655	0
25.815809675205163	14.17055841155089	0
22.402970454267447	12.303715149372664	0
9.841619381723374	8.917976512592105	1
16.757546382900365	8.259927278566337	1
37.695464667914145	16.768659499959227	0
19.912817219272256	8.51302298366464	1
14.16902153053091	11.731882254280993	1
15.555698388880785	8.443867481147297	1
32.00805402351457	13.352381221230997	0
24.463741888718765	11.753984389102067	0
13.710827504792611	6.8786072727380745	1
21.217679196423877	9.860519018049985	0
27.005384379897407	9.920846212808883	0
39.97466136413606	12.767272852047192	0
13.825386904126667	10.044371823461386	1
17.80885614131248	10.503305916400137	1
31.31644730976264	14.826393494972582	0
17.14687977925421	9.250335443098084	1
36.72682091471736	12.783362333439001	0
31.84622741366476	13.532203155296765	0
8.649240014098488	5.448027173403956	1
25.240151737315717	11.756246001383822	0
10.117724490154448	9.035181564376058	1
9.83015339125772	7.548669960543059	1
19.80411440669559	11.351986859472643	1
21.684838330594218	7.99272891654971	0
19.02595017873682	10.651886805202247	1
34.389794274937415	13.146731966089957	0
19.177153003169224	12.051459971283323	1
15.420647119295541	9.383163522989074	1
19.20949776819907	8.270380616253824	1
16.692155885742523	11.438823915059414	1
20.538012706922437	8.539740054119372	0
11.916221760821013	9.483705814090033	1
20.113032073011883	10.984283704734908	0
22.11761070577777	12.183778075654486	0
15.196403840342787	10.574778106429667	1
21.541021707664417	10.106414974179046	0
15.612231547232264	8.918382562715509	1
15.64987381596327	12.991204571407449	1
19.32095804258389	11.949924950962016	1
25.916661248937523	9.943751361006786	0
19.31306299545246	8.08716293210297	1
22.950723361132717	12.498933193398555	0
31.025169506830192	13.870382305623627	0
18.61697196634143	13.818011866123012	1
20.217439682228875	13.099853120114673	0
26.124922984975502	16.80308020868906	0
11.167878210484922	7.217916325414219	1
26.45894559890813	9.918233321319667	0
16.524521042406228	8.130171130443406	1
11.985125312693244	8.814827208697354	1
8.020202641774512	10.540969962498131	1
15.093394364192756	11.592908485902278	1
11.763512507403869	11.887680009325114	1
11.707017073054224	7.198909493817723	1
38.7791574077486	14.688863101824735	0
11.477550215211862	10.83520430340491	1
31.332117275853545	13.667315553585524	0
26.47355271055327	14.793162489115213	0
13.80279191872126	8.775126290681055	1
15.91028054552393	12.220759822749352	1
17.55442812226184	11.699656830758965	1
22.948021930620342	12.392020573610344	0
18.07674090970862	8.364076248897433	1
29.450674116960272	14.657578161139199	0
18.55294612159451	13.085265649702798	1
5.927539077340358	8.744842247723309	1
19.35716314194724	11.376505466509334	1
7.551741174880024	12.041578619699862	1
30.66735216950052	12.833293893423624	0
14.840319445284	11.531926425238177	1
12.143542251461042	8.927903492421944	1
16.068020818590476	10.666850347561848	1
26.8866172453534	7.301317537207714	0
7.190130130488363	6.823597223506653	1
23.559537445487084	14.076053086941668	0
13.160629802568712	9.666955654770776	1
21.081748756847734	8.551220806708539	0
27.868283498173493	9.547209968880175	0
26.72508846749016	13.12068992464443	0
37.246141037203074	12.400513980045154	0
22.36424873151641	16.603535811200324	0
15.200774376297048	13.252841129894323	1
45.61256115914292	17.98084429914862	0
18.462093748362566	11.869009832231008	1
29.241919043624502	10.698717775192714	0
30.59186659836322	13.790473292818064	0
25.552035223124093	13.439011885921614	0
36.305694492246516	14.091371352764014	0
19.28095852307095	10.206281224397355	1
11.347447236718477	13.053253167308197	1
17.972482030044997	12.316227114813254	1
16.425080039878907	10.301301360911594	1
19.029286497971043	13.293210878469347	1
13.444690121324404	11.669244667689696	1
27.88696296732671	14.800713517394678	0
11.806904159749065	6.184905756958557	1
40.39173847267648	12.096818299087106	0
36.59811223898907	15.25596508234187	0
17.232503440114687	12.504685698905703	1
22.4682379035886	9.69276101083585	0
17.86203154851346	12.186923653062557	1
11.516289400645654	6.4910242390933135	1
3.7583794288774115	7.014795601969957	1
20.929760395548822	13.143225834578075	0
20.844947554122523	11.31884226208048	0
38.96704637234492	16.257568853724784	0
6.783617424903038	6.721257371258794	1
15.50649913440592	11.156766654377963	1
30.030816397161374	10.025566614858326	0
24.4271934093905	11.964210196445187	0
22.294959472153735	9.374767310648572	0
15.83434274445949	7.440469689843999	1
19.349179653450847	10.985351285473854	1
19.045322131411275	15.686938716615362	1
22.21860110678236	10.41464202127302	0
16.177053558118097	10.066157955805132	1
33.50748343756052	12.709019865394435	0
32.03487867239556	12.08172384787749	0
35.24509805426915	12.517454007627116	0
17.91685682583045	11.560626774988256	1
18.452723145914135	11.29266593300003	1
18.060123272186146	12.92990296830721	1
35.69040564603068	15.517420827024264	0
18.492403847999192	12.5128399446018	1
19.819207000080496	12.251151797933579	1
24.812234177500514	12.472125848630984	0
27.859527794959476	14.884612360872291	0
18.769054876113312	11.47226891728347	1
48.24643901011953	16.287771742367166	0
13.48729550519869	6.773322191670855	1
10.070739371809287	7.417049952389021	1
21.550974027800752	12.004689159640856	0
40.54433634370695	12.019121724146855	0
21.64808560675132	11.136035210502827	0
22.181519371571195	10.665631119501137	0
29.84658281864144	14.754707169170956	0
20.25924221138189	11.79840365179263	0
22.124761197663442	10.312230480853607	0
33.7384965510572	15.701924055618939	0
22.03125171014872	11.961954293084716	0
14.805591628810639	10.816288889051238	1
24.9492679622705	14.38596061990796	0
12.309428865127826	10.66627105324953	1
9.870326486839435	11.758107692206002	1
19.411903461208567	11.703160963701126	1
12.243496521718379	11.333826516050143	1
26.841963876321497	14.263491452725226	0
19.82967666251909	10.631806664415437	1
14.696990283592433	10.092986861326079	1
38.72445427305653	11.775059927429192	0
20.160633918091815	10.684955275939192	0
36.26092935184322	12.83741244276389	0
19.224171966779977	11.435985944332465	1
18.239041275941965	10.349169217525677	1
24.735314155363056	11.225813319044859	0
31.69564036689696	12.384393750645753	0
53.374349040280535	15.693481100044409	0
12.709610940922808	9.30458676616548	1
19.50609181354626	14.604741301212938	1
32.23708701971753	11.635583760128398	0
24.41961045108209	13.713817825451065	0
19.47153629160612	10.266553804441072	1
10.871138058207046	10.333564626256715	1
18.673994416791167	9.846501063067183	1
19.49439804887455	9.721758369445386	1
20.414334585047186	11.857072618591666	0
38.59194810372929	14.283437556145401	0
17.123541891878652	8.267932094534908	1
9.144271783179061	10.737546763331443	1
25.97363007298193	11.087970414748646	0
20.14255883857687	11.179483974064354	0
19.321770569329438	12.551343270566658	1
27.41117398791555	10.137854288994554	0
2.8673530978196875	6.3653755778229995	1
16.37288153544952	14.232507330415189	1
19.77179064368505	13.181942226807438	1
27.095049353465583	9.623369611714033	0
18.826863758355625	11.077158224812417	1
12.923029474434937	7.940562950908211	1
24.72641376120974	14.068817325541888	0
19.193316974677145	12.321039685862226	1
22.189081720669222	10.813788437226576	0
33.13810319526252	15.724803727907421	0
16.465574793524038	13.3396809770444	1
11.227852039040329	5.218991065365349	1
11.022316357717488	11.067348620733231	1
12.78825670624065	9.397247297730518	1
10.319188796251025	10.993597678382152	1
19.216028020251542	10.493809657698378	1
41.10041748779688	16.355025409788936	0
19.270455550635234	10.332014390679534	1
28.91467909092199	13.50514323381925	0
12.231832464644345	7.585697445644499	1
19.169994408842413	11.94659114512725	1
26.688537162558724	16.583106689679415	0
18.020370160437313	13.932164298069404	1
29.001053286770357	14.669945172804805	0
28.026937646855213	10.609866024766616	0
15.73923208138536	13.556818889078574	1
14.653900638854708	12.380606487956808	1
48.41122279920422	15.129909453934452	0
19.42562135242235	11.192746885912854	1
21.220941690356053	9.945143107386727	0
20.661151842230925	12.68317108206042	0
16.255355758121958	9.33477631120613	1
13.49110571818315	9.688174967773481	1
12.001130733523395	7.745521831182442	1
30.40378067651085	14.626138050208422	0
13.060541844690302	7.256279166809085	1
27.746402581326016	10.178376194343118	0
36.0791893769639	11.17229009903636	0
33.1520185535761	12.442221570795839	0
19.902723032160374	12.55080196062857	1
16.489107030089805	8.397341020104633	1
12.398190990951248	13.063212216672596	1
20.98957286548936	11.520568548745201	0
19.074045748979692	10.871906127863786	1
22.6223282625619	11.61572192709079	0
15.96793804010092	11.816394133523938	1
27.34280828746579	12.893661725904781	0
28.240398227769557	13.244649775370698	0
32.2156830348029	13.537322682879422	0
46.919150647868456	16.768565048312656	0
23.019754198814287	11.356810624877959	0
16.19622743471031	10.57815148582204	1
19.881332290824503	9.111097815447778	1
8.833260185601297	11.654526819039065	1
19.28882718156092	11.411117342960205	1
17.42500479038688	13.032489990808601	1
25.06015362633153	10.867623374029748	0
18.759205208032515	14.220156727324113	1
10.362060555554496	7.781803524759512	1
19.38950077141635	11.364045568216515	1
10.54142107433604	9.464327619309394	1
30.217077096239557	13.217475168552655	0
7.676447604026234	10.302427241139787	1
19.87486118090526	15.17566814872332	1
25.583179664989604	13.840138648331124	0
9.488756265661916	9.164902307514117	1
35.98866466835361	14.051158939801073	0
13.798704926641003	6.804815157775961	1
16.758131684572113	12.230737255355217	1
19.342947133118287	13.98923426899519	1
18.171942502235567	14.612479723276188	1
12.702441482183112	8.957904186492065	1
25.093466479070525	9.561471184722352	0
16.611954418549512	11.253856181324885	1
26.076346064802635	10.64311121060589	0
16.771294830680176	8.782501895385945	1
13.269625165909355	8.692988855294281	1
20.298319564029896	10.683365962705848	0
27.556613149275872	13.445323143742684	0
19.893786470405757	13.914613397958194	1
19.385581434238702	13.836592081467714	1
7.034196286766476	8.512381732760618	1
36.61997002996012	11.947331741672222	0
19.942655049962923	12.79433535577311	1
13.957713252330954	11.029374379787695	1
19.34512874744012	10.861630368535124	1
23.631805646148397	11.296807728993269	0
9.496558196772888	9.023409362118706	1
28.27377109087476	13.400277559122484	0
23.491787494146546	9.180137687459716	0
33.67210539368424	14.039980036182206	0
31.203834730979967	15.911710048799375	0
16.50032657674684	7.876031731928794	1
16.88977594223221	9.972187053666453	1
12.992303662258866	12.045037046969231	1
17.963162068365506	16.888071228278875	1
30.739870273551333	12.28924650118259	0
40.86031047934578	16.596103331127498	0
30.563310448280667	10.00367642190719	0
7.673245314131084	7.126762900499303	1
29.396762198090936	13.041788397537339	0
31.767525557535382	10.07462164090517	0
27.221472960371425	13.719197575026705	0
14.025546585089588	13.665324228529391	1
32.08667941402392	10.077202761450971	0
28.403372612270783	15.687384388574113	0
27.695554324887556	10.359553708554316	0
17.796525189395645	9.022934617647095	1
29.65773725543973	10.632829019961129	0
22.19909808557564	11.681040681115636	0
19.40099601005204	11.347611736020205	1
37.05276323663643	14.28999758254063	0
28.699842307284836	12.255305261924166	0
2.9789293145933344	6.0944439161052575	1
17.417747929352185	12.048773416428562	1
9.688239568471463	7.5818740016421184	1
26.9235587425996	11.884674818355453	0
17.283978827801786	10.218734123842282	1
30.264354528031262	14.844402033999433	0
25.68288408743392	14.798412076341883	0
21.36325670738362	10.140812113500644	0
20.38425129051332	12.4844492826243	0
17.966856235949173	15.072334922929482	1
23.035262658298503	12.625654349669139	0
12.19228834981852	11.067984740653548	1
27.802357309756044	14.399968124271359	0
17.689480128973475	10.812051271342876	1
14.868985981019232	8.7200044405695	1
18.266106013332386	13.125961389695576	1
41.92133641692312	14.82788553115431	0
8.076968857849874	9.134627524434029	1
18.07218356282472	9.949138020934136	1
22.15198217165319	6.777409074708493	0
16.502616177919656	12.537344415352123	1
17.545466285274628	11.956907149048234	1
19.396517131710425	12.835510402126276	1
23.256642134192266	8.579943491882736	0
15.41540366093987	10.91985746871737	1
26.702362919352414	11.032365727569683	0
19.622590514132753	11.39012398656382	1
27.945409092380128	14.45250087874035	0
10.710803141446958	11.434918678556404	1
14.68486442444661	11.40518565093664	1
19.424271177059126	11.246034294609847	1
30.90305022289925	13.442151516094311	0
16.572785651746955	10.507622390531584	1
12.724295219327633	8.41557693631905	1
28.855649614142024	12.022585617099418	0
25.65783813554049	12.609446646082246	0
11.386095748661473	10.204009073934865	1
44.17831833566291	15.910625520094488	0
37.19383003363269	19.119054891026842	0
10.310847980797687	5.410424214934842	1
45.60809366076521	12.493646481550714	0
8.241970689393904	10.233521078072812	1
22.109203531633614	11.360048032712074	0
11.96275007388726	10.517503542663611	1
17.833652241113455	9.734461830421992	1
18.07285364380602	7.865290210817756	1
24.23479752298276	12.184635991461338	0
12.080215091420364	10.935709953842093	1
3.396465725998312	4.226161011525354	1
20.287717654813022	13.274463869314243	0
14.847922393121122	13.438053706786029	1
23.143617851825898	11.121608527016907	0
14.073678656854536	12.717148588453762	1
29.076519303456518	12.692853069835573	0
19.778794288402423	12.536211919544598	1
27.07524680846003	13.704276883359444	0
12.996456847882468	10.088163283188115	1
19.260402792942482	13.43688495612313	1
19.45776781672612	12.069465514921387	1
20.345706054794718	8.325545131687639	0
39.1129846325921	15.047193068342029	0
6.954250454869147	12.839125269184617	1
28.68808049493567	13.644551824020706	0
21.29285955077298	11.591051699198069	0
30.754941596550424	8.738501477483105	0
19.430765833472833	10.934373760717849	1
3.460514274996135	9.765555680473195	1
25.203470821752322	11.340278173499563	0
19.198600289384594	11.50122478654715	1
13.036754935900536	10.07475334685491	1
15.551437566759986	9.738866151632617	1
21.675203074050376	7.350758803353052	0
49.73159882913142	18.36333551885026	0
22.92660617224015	10.142669081461522	0
13.106598385137605	7.250290688386318	1
42.29694911303486	13.919025731381863	0
17.317917603177243	11.353158482488842	1
14.214965314309234	10.320871371553913	1
11.241057829890382	9.725809454404732	1
15.414974487853392	12.3783353028593	1
42.70841116802542	13.906914762450238	0
30.3222188359323	13.023021635371915	0
28.47851798215792	10.263198381183537	0
22.530451777001485	11.890136467860591	0
23.844868715544926	14.509547298812732	0
26.92859288472677	14.742336272472786	0
23.192406181047367	13.38835527105219	0
22.610531266488703	13.114769254313222	0
30.844990306118163	15.06664085615413	0
19.661662256110223	14.684176313953191	1
23.571061369508048	9.419123428889737	0
13.708710929742756	16.509917848853675	1
38.241486255857815	15.236873354324802	0
35.91315597545765	19.491763338595018	0
7.771504166563159	13.260380114304098	1
19.216653160322032	13.85525893095331	1
26.521017404841718	10.947918888796154	0
25.834207660174343	13.31956061085331	0
28.738699094685618	12.65647442090243	0
17.258557312264617	11.145198808955383	1
11.52376119192492	15.538777899655233	1
24.024376201019738	12.595064140993486	0
9.36883196223743	9.413713932861194	1
27.409106612414046	12.752939247222248	0
28.121297525378804	8.958850668087942	0
7.258267139162463	7.141206684401051	1
30.679650824354173	10.047430723293253	0
19.145069334868626	13.145485733920733	1
15.414914713225095	10.93253528345736	1
25.4599709381585	9.880259297042446	0
34.58165755794852	17.05605357499774	0
38.008829572252594	16.53886725773317	0
11.556287252066952	10.848398469611071	1
17.324783192948445	12.611262037957012	1
22.52813717100624	9.209499538168268	0
21.771734013432734	10.554578422139056	0
17.263725714183117	12.208297166589444	1
5.098056475460881	6.07822791374608	1
18.676378961467048	17.091324362783233	1
11.684066407850848	12.571928737314472	1
21.465849791271243	13.474655104643197	0
14.154773282994089	10.646821220050104	1
20.091810427930838	8.05133440241484	0
14.887848069105454	12.953530348422767	1
17.56995513075595	14.246245347236599	1
17.827219747015125	12.092399141774914	1
35.14553187191624	13.081359494796526	0
28.26449500470754	13.940504852109214	0
19.076897735069444	12.71607546032085	1
11.382344928646196	8.266931406276283	1
31.89468648852365	12.246502542876065	0
10.008319487579927	9.941408145652046	1
11.679518625443068	11.904774538769463	1
14.621409457658695	15.17619671386245	1
13.160109273532148	8.060314045992914	1
13.662947424939922	9.271097408174324	1
34.65917030232113	16.690720815042624	0
19.239646551199257	12.264324928504783	1
15.08645844864486	12.038479119461272	1
27.791054916835275	10.882835277586814	0
23.01728840852835	10.924397224377326	0
11.423746146100417	10.505921686512025	1
16.31380275821369	9.201619857823427	1
26.35521076162384	14.763789219303247	0
42.90663268687684	12.853025793966843	0
38.21642209400361	16.296135533384867	0
29.56953313698671	13.33818018232634	0
19.417926222085953	9.63005711741937	1
8.261048851992346	12.477339760773063	1
14.970294068289531	11.097580884048588	1
19.22459557219165	11.019393829506486	1
25.91020392858869	13.397635143843548	0
21.709947077342083	10.898021645331388	0
19.86941087176092	11.860519247367787	1
41.45251949210556	13.789674279671239	0
24.87666149442037	13.17371713980296	0
18.6576420422814	9.524539358920586	1
17.401264262484528	11.644555417145577	1
22.046076250227994	11.008281176790396	0
14.338859018509575	9.901165375368024	1
35.61929280027987	15.51450890639439	0
18.597345491769914	12.491006841426898	1
16.57668536837078	10.6405339182531	1
13.890432670209497	11.522985993708044	1
30.646112109053682	9.9172745571476	0
11.040552442655983	7.834797318685738	1
17.06731051836786	11.436876978057377	1
24.13281613582709	14.884276732511193	0
19.1584959840402	9.721456189111409	1
23.530167672889963	8.48881527488332	0
10.783385824254836	9.86843566031268	1
17.38827075963658	11.368632463559214	1
8.386180643614688	6.259152733120017	1
14.121531581917328	10.530412579244944	1
33.04238490646717	13.126401379542639	0
19.96655315440148	13.234462071234208	1
21.951916016462604	9.198115247658055	0
13.442297350796888	9.194153244609987	1
16.347307697135154	9.730688491111032	1
12.842401687528398	12.502577096392951	1
21.655297250722978	10.239700321534656	0
28.784658611810688	12.108204782838083	0
24.002109839061003	8.139680055021165	0
15.859384328879518	11.051681251793031	1
26.551217098932486	11.132408932661914	0
24.879231193089392	13.780832925673314	0
29.628545361834064	15.0094729906895	0
17.300378875544148	10.562220059168524	1
11.700741249702467	6.9299843063551005	1
20.389116525514527	10.250239580644651	0
24.03722912710537	11.818109188343302	0
37.93443558877525	12.702420787370496	0
19.243640792556107	10.792167125508817	1
25.27112527461278	13.035474641502896	0
20.40091133604632	13.84982676857185	0
45.6489104313714	13.281518861437558	0
35.25946467424509	12.988937344835001	0
19.076764440243366	7.264461026031675	1
20.004114174619314	12.44226251937854	0
20.96096453745831	12.361951843636486	0
22.21476406396798	13.232772068262156	0
16.2804550464289	11.113668960001968	1
21.908956115150758	10.251759853312553	0
15.243000909608485	6.744987016576038	1
12.27659949313022	11.339969237468743	1
29.207977742301996	15.37059918874592	0
27.63230740364413	13.885194020328523	0
16.256776618834742	9.794398127157027	1
34.48961353998354	12.427205414554729	0
19.425669134530896	11.652435843743486	1
18.630745945219918	11.526895471237706	1
13.29570997701936	11.166917920880149	1
20.936567010447977	13.581767964577761	0
19.91849427787874	14.207874698927402	1
21.78572793145359	12.003712793259627	0
25.45372377904967	9.952742625452718	0
30.32264783583107	11.4544569745267	0
19.206762383226305	10.716550308414067	1
31.276745549020003	15.449553029457228	0
32.09676366418646	10.221775981932772	0
2.787290167406248	5.698178430622648	1
17.954086353114043	11.882883693245855	1
26.72820244842816	14.134773456533843	0
12.112937245637386	10.786771940688116	1
13.244865812328525	11.693761695567886	1
23.75330719764723	11.094087741496132	0
17.29376026426441	9.918506356803107	1
8.228362140126784	5.620546757741212	1
30.314437562938085	13.050350886644775	0
14.131286600866925	13.193481687998467	1
24.86366493032479	12.379297746645868	0
25.12445565231558	14.877139706201142	0
37.4699298002935	15.366486924208509	0
23.007028464901854	12.019144559531775	0
27.726652387901897	10.949921110432255	0
32.954386088398365	14.014534502864315	0
17.5864392431954	9.426003666760337	1
8.66971894188804	11.377189820776135	1
22.495385331049462	9.454282235632446	0
35.11646038941926	12.857102623833155	0
10.199862380929963	12.02260408550479	1
31.496021264028027	12.053317978226202	0
20.610411963062823	13.252489425806509	0
22.08512565715534	11.025205978667005	0
18.069115326799206	10.767334157542585	1
31.77411489562827	12.717603873147818	0
36.290461285184136	16.038804687226996	0
38.07937480615233	11.589781224118447	0
13.195777434120098	7.318725784454168	1
28.72194476137304	13.890314197112822	0
17.84057383510642	13.963551720958659	1
13.079727467357234	14.434877338409056	1
24.899053120013875	13.669854840551945	0
20.995175661640197	12.771578494575976	0
29.070694217133312	15.15208680912563	0
40.8627506004486	13.64984394951101	0
31.772577240926246	13.100585897924999	0
15.243670812542057	11.079519623786032	1
22.464023006290848	11.352584332690595	0
36.15912136981901	17.266383365348695	0
33.34412955351256	16.196063565918596	0
9.091542104240453	12.231480742879207	1
30.762884864501824	15.658427923146025	0
18.143220259072415	13.752512166228495	1
15.79774174045007	7.950669823142881	1
12.24158584247555	11.280195972981968	1
18.388698176246066	7.954871495907682	1
27.96988763193668	12.835524516485002	0
36.42450663977657	15.259667500635954	0
19.05246628704481	11.133924284874794	1
19.624294903595	15.01226963165854	1
19.339449201223015	12.482569857334221	1
30.844687061690166	12.549736985121951	0
12.381999554324866	11.199774103074517	1
19.99832566245459	13.779020597719958	1
31.602633692448226	15.871358855469715	0
32.056562534126435	15.427766986931461	0
25.170993492799496	15.202069713804265	0
11.817326477246862	9.322107735221909	1
14.28020061923992	8.735408833064485	1
15.050611358524103	13.877095848222263	1
9.96493186361426	8.692296520907071	1
21.52978870404844	12.122569694340422	0
33.90670808432003	15.40911678452048	0
4.636727088679477	5.199861743407306	1
28.712320800934197	13.861662004002648	0
19.33658452811579	10.184153698685261	1
14.6755354807069	8.937008330905925	1
28.836994634627555	18.01918589313734	0
27.54554677552714	9.384469023257857	0
19.02441482548602	10.649303026346994	1
13.54502504787039	7.117926995006918	1
15.17210177442217	13.083549426889716	1
8.896892639237075	7.477682201041417	1
42.001985851508195	14.930567626711234	0
19.752741485329537	12.962001786745505	1
14.78776450831249	13.066489747347658	1
5.9489529796023755	11.81248812516536	1
17.39338987608274	8.468274133681977	1
16.409564732969592	11.2460673917596	1
10.22518371285381	12.75681847744929	1
48.77586242619947	18.463163185827227	0
29.953119868907237	14.144098565946884	0
9.39014355502762	10.227273993097262	1
32.878472183492214	18.042907777699916	0
31.864220438929408	15.88563688712413	0
26.93434257784572	11.294985231500563	0
24.991038152239806	11.793388650230964	0
22.514542764959472	9.241154613507504	0
27.23964381538075	12.036026045894372	0
12.7262064421762	9.51195716756189	1
15.607586922180023	8.336570719202289	1
12.945551770100254	11.828475526678666	1
19.661411660992474	13.562265714468436	1
19.08619744074531	16.2102918993236	1
27.061392080376088	14.439827445256027	0
26.30721058358843	13.151176326564238	0
36.550438198999245	18.27535325083459	0
27.012023829194895	10.575897164275478	0
34.29644788258247	15.054641859066235	0
32.46084583112438	12.69083684774983	0
16.092449857274	7.499052284948073	1
28.6364254054564	9.29422426908274	0
25.53800719487041	11.761009300898351	0
22.270643205853336	12.364462735272872	0
13.66494243510895	11.136226379954904	1
26.915161970967844	12.192821077324004	0
21.750365837078657	11.533388090404083	0
18.02141861853034	11.428967027678686	1
30.497959247123685	11.447666369717554	0
31.274103028237437	11.751791485683212	0
29.95990178701694	13.733298314712846	0
3.9559481136039745	11.301103658987628	1
13.709862637332355	10.554965961548579	1
30.660974973602357	17.731686941181636	0
14.858431971805496	8.826873294694574	1
25.08546922270153	12.746105162803406	0
22.87625363412669	11.925569592191737	0
32.57444091339899	13.1169325445419	0
15.129208542585282	12.485913400121545	1
19.47612648224458	9.619967326322936	1
24.452267597153128	11.620600938972405	0
34.48807025937738	14.00084461583302	0
19.559560276484326	13.611155339676973	1
23.91607081528114	10.198404418396462	0
10.609037809131864	3.97919400888808	1
27.384812615835795	14.701658482066396	0
23.105515686788628	13.558935967527884	0
27.450341429284745	14.678697430427405	0
17.550481115226255	10.968810451112297	1
39.50570785649062	9.767033917465856	0
19.89315118039834	12.62205055078136	1
22.289151085893586	14.477916715805957	0
20.19891966634842	9.922499204238758	0
29.66223696887815	11.526756214639093	0
14.680782882276016	10.59399449986058	1
23.05404122921063	11.906108423620305	0
26.776170529389145	11.86851762635378	0
11.25441540918035	11.291045922304242	1
23.30686889050117	14.138358828475068	0
16.0496219162828	9.453161374951163	1
36.346559490522694	14.819460074486738	0
28.141943522417677	12.833976161228941	0
8.264855038881084	6.786526994398425	1
30.462504504077152	15.996938404408068	0
19.378249637782574	13.624684575731692	1
16.310897678848562	13.343711070443888	1
18.015053362812118	10.417040209552123	1
11.074637759244174	9.343235887222567	1
24.862159043443345	11.532243647545613	0
8.770345204076905	10.370280517830352	1
19.889256095793254	12.448859076452447	1
25.554800426069793	14.90048059793077	0
21.934079715412075	10.688232820319039	0
29.80257336302598	12.643210420721411	0
19.331730134086683	10.826683273436903	1
47.73350863533378	15.528238817123905	0
13.991615741153625	9.700288629512823	1
37.688747332377375	18.144179024907558	0
8.913412206193394	6.996991158229428	1
12.409299334898222	12.175747694599732	1
13.67993380292716	12.767132616991713	1
9.47954909258415	7.634985900792109	1
37.023499188205584	12.936056125915973	0
31.73861309924349	12.699804964715316	0
35.6560235951958	15.42270011655106	0
15.928708060455898	10.147774128203503	1
21.954820120826284	9.148066589582701	0
32.70132792558075	15.918215124814074	0
32.04159748257664	13.714975002820166	0
26.627011521972843	10.04547938895951	0
22.63996802097902	13.17824606304027	0
11.80490564624602	9.607803928335123	1
19.286704181926325	13.31673743187018	1
19.54971694511008	10.92724343284391	1
15.566776352782515	12.632745366190786	1
38.144918549664645	13.142716648876787	0
15.199052818904534	10.380743085409089	1
23.45345172274463	13.822235154269425	0
26.173821861388184	15.252945677956497	0
31.935550144579057	12.089712054169073	0
24.674112964668026	12.642952841075283	0
43.207159577002415	12.761015521787627	0
25.45340480495588	11.119054683369527	0
16.90459532489562	12.774112752463505	1
19.103627557400614	9.98532490471826	1
27.763723006934683	12.76274820067253	0
5.805647803503364	8.69581757392329	1
19.891377026215196	13.323251166439675	1
21.543760902814817	9.560092357322517	0
19.021802337163248	10.626979796641008	1
21.635229262218715	13.373910664500745	0
6.802674062656321	7.798976079803452	1
19.298935299972072	13.492700596999063	1
21.18787913068817	13.220853411556806	0
16.87214362131643	10.108661626894671	1
3.012242370494364	7.990759576436705	1
17.545938735526857	11.198710502341468	1
19.919631339376792	9.98373136831084	1
19.630069606937468	11.335258399449794	1
15.930496213631983	14.344176280779465	1
24.22259234130526	14.600654934226526	0
13.612487493166467	10.400390771178573	1
28.082379618479273	9.33808280933928	0
29.43857180721892	14.569391894041178	0
30.886288775318356	11.086767948051733	0
29.14754105103723	12.301228444851972	0
18.044423239597354	9.55619634287602	1
20.931111524469884	10.920990310295442	0
34.164882720496145	13.826521767706833	0
27.153916095373386	10.914781320445726	0
19.417730174725875	14.10242621007934	1
34.564754073700804	11.890565539059379	0
15.785953964268563	11.831213435495487	1
21.393060331625417	9.578101886210403	0
34.82780850820847	14.660144404807882	0
18.92432970148932	12.217564843119659	1
22.420209325215197	8.302315248505762	0
19.83211931495766	11.44003246961885	1
34.034746177236954	11.801147654239386	0
22.424259234482342	9.987269874725019	0
21.78313194713922	12.158020665813853	0
15.356820162820382	9.291815633296588	1
17.485252182030052	12.464703960661618	1
9.185662510430538	8.434605769737658	1
25.095957309511693	13.694559024178991	0
29.678559628948104	14.648052576182094	0
10.644661143554439	12.521188286251192	1
25.013549121667584	19.165333585106083	0
19.51508446293883	13.540608737326306	1
22.995103493426598	12.872425842210012	0
21.82256291767589	13.29105578709192	0
38.87439276787335	17.60990410490295	0
24.334558827447452	14.066903155598066	0
36.02175476016358	11.626933294194904	0
25.512772945019062	12.319653309750674	0
25.88086136777231	14.157733159543842	0
16.48573193342416	13.796500055235061	1
53.15733094510134	16.282275797691693	0
20.61327006656916	11.240163150004856	0
16.830704254787534	7.2048870619247936	1
19.52205958752893	11.221540263082769	1
25.091886060055398	15.878655148545736	0
28.342270650412082	10.724881402573834	0
13.579780892563935	12.6424704827337	1
19.916716907355287	10.89757950935427	1
38.12189748119184	14.412200121645952	0
16.950366639918713	11.106074344324318	1
18.00991896101276	10.294225787226416	1
27.146416146805073	9.932907561186013	0
15.951755244067446	13.064026338304414	1
32.88462791710718	11.745373140080224	0
25.22518771328024	11.72410357275836	0
19.93148711696267	12.12203119168216	1
9.049784694114296	11.347373132428572	1
18.086588404742553	10.542971832939513	1
44.0138832089623	16.63735451124432	0
18.61141432654553	11.759164439761182	1
27.608496395053553	12.093578364048692	0
13.50748007897153	11.61803306212591	1
9.055868197954851	6.186507352089134	1
28.18971210951543	12.724857655776539	0
36.594354688397935	13.693138212057201	0
9.336811693679957	10.081015697746633	1
29.65967025642277	10.942490854542575	0
24.314095030390263	12.74861367695361	0
17.92516988673013	9.764654146092884	1
40.31341980063389	14.639753873279663	0
12.922982748145206	11.167672592863335	1
20.093350439567512	11.446313018412974	0
27.75715069390268	11.05059418094488	0
12.37298900989491	5.083611608679459	1
32.55806860066848	15.651205055635739	0
20.1228198808098	11.728152586090443	0
33.9789699550287	14.884295936410084	0
20.94621203359666	12.417542014530795	0
14.937409754149277	14.501963712499313	1
10.624243553022598	10.100469828691823	1
10.413103734973953	10.103333657341784	1
19.810892752703754	12.255637787659227	1
6.727404399838608	7.767058213808175	1
9.244223478657949	9.172990894101291	1
43.06905188573807	14.817679921966404	0
19.551269731698046	10.974005323414989	1
35.49324408528048	15.525887806392534	0
39.0499016051961	15.041136975771915	0
19.29869396868162	10.766850884447884	1
21.193322779168682	10.972290606369032	0
23.00586972995353	8.691684517017213	0
27.875649258932956	11.171212744530903	0
29.172149590891657	13.820650112044527	0
6.6811880427898345	10.302045164261916	1
21.59828947008424	12.745301413583935	0
27.17637623245367	13.391854505726222	0
19.624736258208433	13.112754999718556	1
19.032375640468672	16.596813556790245	1
30.166503249447665	11.802053238297745	0
19.82374911836506	12.760291864827117	1
37.66500671072427	18.263722611191028	0
25.528962345214573	9.129510451528908	0
9.025853024037698	9.441090762543578	1
19.473110159831762	12.0340256067261	1
26.704445996194334	11.555623778424412	0
22.683112369256072	8.650093660052834	0
10.420093668839467	10.333976127143508	1
7.376913958747811	8.931614241279906	1
19.37629901827313	9.410386663337512	1
27.955614612769097	10.672407714070857	0
15.147658327238085	11.16421940528207	1
19.353391784243286	15.170196701247749	1
26.840250753052437	11.458587309468385	0
31.076456069992652	14.243675350911712	0
26.909663536564967	10.201216633259872	0
23.476726444516636	10.98648861091565	0
9.205133523099867	9.852255220387914	1
16.7434152524218	11.445513308151803	1
29.79280804719815	9.661282655681688	0
25.52135734871009	12.369972741685492	0
13.70551303950998	14.318345233201484	1
19.102817067643628	11.508233750719334	1
19.273081498919055	15.461059506172635	1
34.39011212975037	15.052499517324685	0
20.848270476363144	15.205505617137115	0
17.739520118773463	11.442684033911386	1
18.83165226589901	14.292670033543013	1
13.857493796909843	13.157068357949257	1
34.724519421738144	14.411806019361302	0
22.707015280168946	15.113368742088689	0
15.974353679642649	10.027434210754894	1
19.268593011656776	10.528737418570568	1
29.80015830804958	14.961675320418982	0
17.456415420295976	14.929851582380678	1
18.442825678811772	11.164969403479933	1
20.618973487583443	13.970345544101491	0
6.750268127735289	8.830835404713598	1
22.614175557572914	13.076776354940497	0
21.55338403635533	12.299020522228481	0
18.817903912798432	13.145671598301828	1
12.807857694277724	10.789056630841364	1
32.0962711094405	13.328987168917072	0
17.159553666452805	12.496206204901455	1
22.423103147329776	8.067213176258932	0
45.0615173050009	17.920911219188604	0
16.065397125439794	14.749159384574646	1
15.454821745711595	9.023769282748628	1
22.59936308348013	12.197132095150327	0
18.615845545258097	8.515084511343225	1
16.86994254055234	9.144250835050883	1
25.097810876863033	10.289921318611167	0
23.322683728756616	10.28406745978127	0
12.428264425263263	10.084003623737864	1
10.363565061198631	11.115603168736799	1
27.021628832470938	11.402210551028283	0
14.14159609339009	11.901674479843786	1
13.282926492930875	9.53664607950623	1
34.061441368444896	12.507167717680845	0
19.19716093619354	12.101560538954482	1
16.48706817241349	10.100049905595553	1
28.874911920940537	11.04510012685092	0
34.86076467569321	12.338816718003219	0
31.193453422894887	11.469320720263502	0
12.875742516872299	7.634616947736911	1
15.951804143403972	10.85740993572959	1
19.280427009565756	15.783981116974228	1
10.467223622478851	7.788791353995341	1
17.791808467041697	11.145304837794445	1
21.02871106385351	14.386909987421157	0
20.562432717603745	10.385112438338107	0
23.265500299326238	13.48570755808934	0
22.87883163963499	13.115429189112978	0
30.14736087691744	9.26790014455631	0
19.093965865904465	10.923571172962289	1
14.213969829147482	9.188580928085512	1
20.061180342529354	11.808733976340543	0
19.275102495576412	14.403516889670216	1
21.525791301154033	13.048585781851212	0
36.97844178180136	15.19293518195019	0
26.694376158983665	8.888072233066339	0
40.82673715940829	16.283191943741944	0
32.65034284528596	11.529697039944942	0
